{"cameraMode":{"drawMode":0,"name":"Shaded","section":"Shading Mode"},"sceneLighting":false,"audioPlay":false,"sceneViewState":{"m_AlwaysRefresh":false,"showFog":true,"showSkybox":false,"showFlares":true,"showImageEffects":true,"showParticleSystems":true,"showVisualEffectGraphs":true,"m_FxEnabled":true},"in2DMode":false,"pivot":{"x":-15.631589889526368,"y":4.4818878173828129,"z":-1.693151593208313},"rotation":{"x":0.14405961334705354,"y":-0.4476022720336914,"z":0.07324301451444626,"w":0.8795862197875977},"size":1.7608929872512818,"orthographic":false}