{"cameraMode":{"drawMode":0,"name":"Shaded","section":"Shading Mode"},"sceneLighting":false,"audioPlay":false,"sceneViewState":{"m_AlwaysRefresh":false,"showFog":true,"showSkybox":false,"showFlares":true,"showImageEffects":true,"showParticleSystems":true,"showVisualEffectGraphs":true,"m_FxEnabled":true},"in2DMode":false,"pivot":{"x":-0.09731638431549072,"y":0.5220665335655212,"z":-0.32131946086883547},"rotation":{"x":0.024046503007411958,"y":-0.9438806772232056,"z":0.07033788412809372,"w":0.32200801372528078},"size":0.8660270571708679,"orthographic":false}