{"cameraMode":{"drawMode":0,"name":"Shaded","section":"Shading Mode"},"sceneLighting":false,"audioPlay":false,"sceneViewState":{"m_AlwaysRefresh":false,"showFog":true,"showSkybox":false,"showFlares":true,"showImageEffects":true,"showParticleSystems":true,"showVisualEffectGraphs":true,"m_FxEnabled":true},"in2DMode":false,"pivot":{"x":3.131502866744995,"y":0.37999996542930605,"z":0.37523359060287478},"rotation":{"x":0.27713268995285036,"y":-0.7170971632003784,"z":0.5069734454154968,"w":0.39018335938453677},"size":1.458830714225769,"orthographic":false}