{"cameraMode":{"drawMode":0,"name":"Shaded","section":"Shading Mode"},"sceneLighting":false,"audioPlay":false,"sceneViewState":{"m_AlwaysRefresh":false,"showFog":true,"showSkybox":false,"showFlares":true,"showImageEffects":true,"showParticleSystems":true,"showVisualEffectGraphs":true,"m_FxEnabled":true},"in2DMode":false,"pivot":{"x":7.186391353607178,"y":0.6165183782577515,"z":-6.7185773849487309},"rotation":{"x":0.19990840554237367,"y":-0.8006080389022827,"z":0.3857576251029968,"w":0.41293564438819888},"size":0.8660253882408142,"orthographic":true}