{"cameraMode":{"drawMode":0,"name":"Shaded","section":"Shading Mode"},"sceneLighting":false,"audioPlay":false,"sceneViewState":{"m_AlwaysRefresh":false,"showFog":true,"showSkybox":false,"showFlares":true,"showImageEffects":true,"showParticleSystems":true,"showVisualEffectGraphs":true,"m_FxEnabled":true},"in2DMode":false,"pivot":{"x":0.11365830898284912,"y":0.796833872795105,"z":-0.002697467803955078},"rotation":{"x":0.09065312892198563,"y":-0.692341148853302,"z":0.08831726759672165,"w":0.7104266881942749},"size":1.1546766757965088,"orthographic":false}