{"cameraMode":{"drawMode":0,"name":"Shaded","section":"Shading Mode"},"sceneLighting":true,"audioPlay":false,"sceneViewState":{"m_AlwaysRefresh":false,"showFog":true,"showSkybox":true,"showFlares":true,"showImageEffects":true,"showParticleSystems":true,"showVisualEffectGraphs":true,"m_FxEnabled":true},"in2DMode":false,"pivot":{"x":3.9423978328704836,"y":1.1856086254119874,"z":-2.302973747253418},"rotation":{"x":0.03446941450238228,"y":-0.7392898201942444,"z":0.6715190410614014,"w":0.037938524037599567},"size":3.6719913482666017,"orthographic":false}