{"cameraMode":{"drawMode":0,"name":"Shaded","section":"Shading Mode"},"sceneLighting":true,"audioPlay":false,"sceneViewState":{"m_AlwaysRefresh":false,"showFog":true,"showSkybox":true,"showFlares":true,"showImageEffects":true,"showParticleSystems":true,"showVisualEffectGraphs":true,"m_FxEnabled":true},"in2DMode":false,"pivot":{"x":10.134361267089844,"y":23.044912338256837,"z":10.392751693725586},"rotation":{"x":-0.16193042695522309,"y":0.8368525505065918,"z":-0.33266711235046389,"w":-0.4041174352169037},"size":0.30317315459251406,"orthographic":false}