{"cameraMode":{"drawMode":0,"name":"Shaded","section":"Shading Mode"},"sceneLighting":true,"audioPlay":false,"sceneViewState":{"m_AlwaysRefresh":false,"showFog":true,"showSkybox":true,"showFlares":true,"showImageEffects":true,"showParticleSystems":true,"showVisualEffectGraphs":true,"m_FxEnabled":true},"in2DMode":false,"pivot":{"x":1.9000015258789063,"y":-5.692934036254883,"z":1.9000015258789063},"rotation":{"x":0.12724463641643525,"y":-0.8723779916763306,"z":0.30516374111175539,"w":0.36065900325775149},"size":107.07904052734375,"orthographic":false}