{"cameraMode":{"drawMode":0,"name":"Shaded","section":"Shading Mode"},"sceneLighting":true,"audioPlay":false,"sceneViewState":{"m_AlwaysRefresh":false,"showFog":true,"showSkybox":true,"showFlares":true,"showImageEffects":true,"showParticleSystems":true,"showVisualEffectGraphs":true,"m_FxEnabled":true},"in2DMode":false,"pivot":{"x":-4.6962809562683109,"y":-7.574824333190918,"z":-3.6913633346557619},"rotation":{"x":0.20441479980945588,"y":-0.7584663033485413,"z":0.27760937809944155,"w":0.5534353256225586},"size":17.025697708129884,"orthographic":false}