{"cameraMode":{"drawMode":0,"name":"Shaded","section":"Shading Mode"},"sceneLighting":false,"audioPlay":false,"sceneViewState":{"m_AlwaysRefresh":false,"showFog":true,"showSkybox":false,"showFlares":true,"showImageEffects":true,"showParticleSystems":true,"showVisualEffectGraphs":true,"m_FxEnabled":true},"in2DMode":false,"pivot":{"x":0.15235263109207154,"y":2.137103796005249,"z":0.10617893934249878},"rotation":{"x":0.04542352631688118,"y":-0.701909601688385,"z":0.04488622024655342,"w":0.7094926834106445},"size":1.798201084136963,"orthographic":false}