{"cameraMode":{"drawMode":0,"name":"Shaded","section":"Shading Mode"},"sceneLighting":false,"audioPlay":false,"sceneViewState":{"m_AlwaysRefresh":false,"showFog":true,"showSkybox":false,"showFlares":true,"showImageEffects":true,"showParticleSystems":true,"showVisualEffectGraphs":true,"m_FxEnabled":true},"in2DMode":false,"pivot":{"x":-0.012524187564849854,"y":0.9792402982711792,"z":-0.11592891812324524},"rotation":{"x":0.0657210722565651,"y":-0.8929460644721985,"z":0.13849949836730958,"w":0.423406183719635},"size":1.2247462272644044,"orthographic":false}