{"cameraMode":{"drawMode":0,"name":"Shaded","section":"Shading Mode"},"sceneLighting":false,"audioPlay":false,"sceneViewState":{"m_AlwaysRefresh":false,"showFog":true,"showSkybox":false,"showFlares":true,"showImageEffects":true,"showParticleSystems":true,"showVisualEffectGraphs":true,"m_FxEnabled":true},"in2DMode":false,"pivot":{"x":-0.012524187564849854,"y":0.9792402982711792,"z":-0.11592891812324524},"rotation":{"x":0.12281955033540726,"y":-0.7575371265411377,"z":0.14912202954292298,"w":0.623654842376709},"size":2.4986844062805177,"orthographic":false}