{"cameraMode":{"drawMode":0,"name":"Shaded","section":"Shading Mode"},"sceneLighting":false,"audioPlay":false,"sceneViewState":{"m_AlwaysRefresh":false,"showFog":true,"showSkybox":false,"showFlares":true,"showImageEffects":true,"showParticleSystems":true,"showVisualEffectGraphs":true,"m_FxEnabled":true},"in2DMode":false,"pivot":{"x":30.599998474121095,"y":16.399999618530275,"z":-28.400001525878908},"rotation":{"x":-0.06376367062330246,"y":0.057167861610651019,"z":-0.003486223053187132,"w":-0.9964154958724976},"size":12.12435531616211,"orthographic":false}