{"cameraMode":{"drawMode":0,"name":"Shaded","section":"Shading Mode"},"sceneLighting":false,"audioPlay":false,"sceneViewState":{"m_AlwaysRefresh":false,"showFog":true,"showSkybox":false,"showFlares":true,"showImageEffects":true,"showParticleSystems":true,"showVisualEffectGraphs":true,"m_FxEnabled":true},"in2DMode":false,"pivot":{"x":13.253545761108399,"y":7.846702575683594,"z":-0.47397804260253909},"rotation":{"x":-0.0025745797902345659,"y":0.9882908463478088,"z":-0.01568787172436714,"w":-0.1523922234773636},"size":1078.2362060546875,"orthographic":false}