{"cameraMode":{"drawMode":0,"name":"Shaded","section":"Shading Mode"},"sceneLighting":false,"audioPlay":false,"sceneViewState":{"m_AlwaysRefresh":false,"showFog":true,"showSkybox":false,"showFlares":true,"showImageEffects":true,"showParticleSystems":true,"showVisualEffectGraphs":true,"m_FxEnabled":true},"in2DMode":false,"pivot":{"x":6.170310974121094,"y":20.423559188842775,"z":10.897639274597168},"rotation":{"x":0.1504219025373459,"y":-0.8368819355964661,"z":0.4430513083934784,"w":0.28412163257598879},"size":2.6760222911834719,"orthographic":true}