{"cameraMode":{"drawMode":0,"name":"Shaded","section":"Shading Mode"},"sceneLighting":false,"audioPlay":false,"sceneViewState":{"m_AlwaysRefresh":false,"showFog":true,"showSkybox":false,"showFlares":true,"showImageEffects":true,"showParticleSystems":true,"showVisualEffectGraphs":true,"m_FxEnabled":true},"in2DMode":false,"pivot":{"x":-0.19612449407577516,"y":2.074007272720337,"z":-0.0645296573638916},"rotation":{"x":0.02574816159904003,"y":-0.4827395975589752,"z":0.014180993661284447,"w":0.8753030896186829},"size":2.724745035171509,"orthographic":false}