{"cameraMode":{"drawMode":0,"name":"Shaded","section":"Shading Mode"},"sceneLighting":false,"audioPlay":false,"sceneViewState":{"m_AlwaysRefresh":false,"showFog":true,"showSkybox":false,"showFlares":true,"showImageEffects":true,"showParticleSystems":true,"showVisualEffectGraphs":true,"m_FxEnabled":true},"in2DMode":false,"pivot":{"x":0.09688335657119751,"y":0.6788375973701477,"z":0.242750883102417},"rotation":{"x":0.17995400726795197,"y":0.1235806867480278,"z":-0.022810358554124833,"w":0.9756439328193665},"size":0.9247450232505798,"orthographic":false}