{"cameraMode":{"drawMode":0,"name":"Shaded","section":"Shading Mode"},"sceneLighting":false,"audioPlay":false,"sceneViewState":{"m_AlwaysRefresh":false,"showFog":true,"showSkybox":false,"showFlares":true,"showImageEffects":true,"showParticleSystems":true,"showVisualEffectGraphs":true,"m_FxEnabled":false},"in2DMode":false,"pivot":{"x":-0.7200924754142761,"y":1.787977933883667,"z":-0.17502689361572267},"rotation":{"x":0.011546441353857518,"y":-0.16692934930324555,"z":-0.001840303186327219,"w":-0.985960066318512},"size":1.3640263080596924,"orthographic":false}