{"cameraMode":{"drawMode":0,"name":"Shaded","section":"Shading Mode"},"sceneLighting":false,"audioPlay":false,"sceneViewState":{"m_AlwaysRefresh":false,"showFog":true,"showSkybox":false,"showFlares":true,"showImageEffects":true,"showParticleSystems":true,"showVisualEffectGraphs":true,"m_FxEnabled":true},"in2DMode":false,"pivot":{"x":2.7478675842285158,"y":0.21940964460372926,"z":-1.0116907358169556},"rotation":{"x":-0.06396383792161942,"y":-0.7714179158210754,"z":0.6282758116722107,"w":-0.07993405312299729},"size":1.0352129936218262,"orthographic":false}