{"cameraMode":{"drawMode":0,"name":"Shaded","section":"Shading Mode"},"sceneLighting":false,"audioPlay":false,"sceneViewState":{"m_AlwaysRefresh":false,"showFog":true,"showSkybox":false,"showFlares":true,"showImageEffects":true,"showParticleSystems":true,"showVisualEffectGraphs":true,"m_FxEnabled":true},"in2DMode":false,"pivot":{"x":-0.058144330978393558,"y":0.3972064256668091,"z":-0.2754477858543396},"rotation":{"x":0.20437848567962647,"y":0.34105515480041506,"z":-0.07624444365501404,"w":0.9144169092178345},"size":1.224745273590088,"orthographic":false}