{"cameraMode":{"drawMode":0,"name":"Shaded","section":"Shading Mode"},"sceneLighting":false,"audioPlay":false,"sceneViewState":{"m_AlwaysRefresh":false,"showFog":true,"showSkybox":false,"showFlares":true,"showImageEffects":true,"showParticleSystems":true,"showVisualEffectGraphs":true,"m_FxEnabled":false},"in2DMode":false,"pivot":{"x":0.1012047529220581,"y":0.16748103499412538,"z":0.050175756216049197},"rotation":{"x":-0.2760821282863617,"y":0.36444365978240969,"z":-0.1140110120177269,"w":-0.8820802569389343},"size":1.1660254001617432,"orthographic":false}