{"cameraMode":{"drawMode":0,"name":"Shaded","section":"Shading Mode"},"sceneLighting":false,"audioPlay":false,"sceneViewState":{"m_AlwaysRefresh":false,"showFog":true,"showSkybox":false,"showFlares":true,"showImageEffects":true,"showParticleSystems":true,"showVisualEffectGraphs":true,"m_FxEnabled":false},"in2DMode":false,"pivot":{"x":0.07317817211151123,"y":-0.0014860928058624268,"z":-0.03647759556770325},"rotation":{"x":-0.31019484996795657,"y":0.2173047810792923,"z":-0.07300829142332077,"w":-0.9226735830307007},"size":1.4660253524780274,"orthographic":false}