{"cameraMode":{"drawMode":0,"name":"Shaded","section":"Shading Mode"},"sceneLighting":false,"audioPlay":false,"sceneViewState":{"m_AlwaysRefresh":false,"showFog":true,"showSkybox":false,"showFlares":true,"showImageEffects":true,"showParticleSystems":true,"showVisualEffectGraphs":true,"m_FxEnabled":true},"in2DMode":false,"pivot":{"x":-0.2348538041114807,"y":0.981735110282898,"z":-0.6293597221374512},"rotation":{"x":0.07159291207790375,"y":-0.9271717667579651,"z":0.2846657633781433,"w":0.23306070268154145},"size":1.7660269737243653,"orthographic":false}