{"cameraMode":{"drawMode":0,"name":"Shaded","section":"Shading Mode"},"sceneLighting":false,"audioPlay":false,"sceneViewState":{"m_AlwaysRefresh":false,"showFog":true,"showSkybox":false,"showFlares":true,"showImageEffects":true,"showParticleSystems":true,"showVisualEffectGraphs":true,"m_FxEnabled":true},"in2DMode":false,"pivot":{"x":-0.2348538041114807,"y":0.981735110282898,"z":-0.6293597221374512},"rotation":{"x":0.13931912183761598,"y":-0.7180250287055969,"z":0.15031452476978303,"w":0.6652542948722839},"size":1.8097286224365235,"orthographic":false}