{"cameraMode":{"drawMode":0,"name":"Shaded","section":"Shading Mode"},"sceneLighting":false,"audioPlay":false,"sceneViewState":{"m_AlwaysRefresh":false,"showFog":true,"showSkybox":false,"showFlares":true,"showImageEffects":true,"showParticleSystems":true,"showVisualEffectGraphs":true,"m_FxEnabled":true},"in2DMode":false,"pivot":{"x":-0.02238728106021881,"y":1.438053846359253,"z":0.07693615555763245},"rotation":{"x":-0.13630488514900208,"y":0.8604201078414917,"z":-0.30426862835884097,"w":-0.38548746705055239},"size":1.3489515781402588,"orthographic":false}