{"cameraMode":{"drawMode":0,"name":"Shaded","section":"Shading Mode"},"sceneLighting":false,"audioPlay":false,"sceneViewState":{"m_AlwaysRefresh":false,"showFog":true,"showSkybox":false,"showFlares":true,"showImageEffects":true,"showParticleSystems":true,"showVisualEffectGraphs":true,"m_FxEnabled":true},"in2DMode":false,"pivot":{"x":-0.4449578523635864,"y":2.3734517097473146,"z":-0.755450427532196},"rotation":{"x":0.011338119395077229,"y":0.9855354428291321,"z":-0.15287789702415467,"w":0.0728556290268898},"size":1.9347894191741944,"orthographic":false}