{"cameraMode":{"drawMode":0,"name":"Shaded","section":"Shading Mode"},"sceneLighting":true,"audioPlay":false,"sceneViewState":{"m_AlwaysRefresh":false,"showFog":true,"showSkybox":false,"showFlares":true,"showImageEffects":true,"showParticleSystems":true,"showVisualEffectGraphs":true,"m_FxEnabled":true},"in2DMode":false,"pivot":{"x":-0.16319704055786134,"y":2.810926914215088,"z":0.41262125968933108},"rotation":{"x":0.03502208739519119,"y":-0.8746621608734131,"z":0.06386368721723557,"w":0.4792969524860382},"size":1.3940174579620362,"orthographic":false}