{"cameraMode":{"drawMode":0,"name":"Shaded","section":"Shading Mode"},"sceneLighting":false,"audioPlay":false,"sceneViewState":{"m_AlwaysRefresh":false,"showFog":true,"showSkybox":false,"showFlares":true,"showImageEffects":true,"showParticleSystems":true,"showVisualEffectGraphs":true,"m_FxEnabled":true},"in2DMode":false,"pivot":{"x":0.07430124282836914,"y":1.3305885791778565,"z":-0.11177301406860352},"rotation":{"x":0.03307775780558586,"y":0.8030375242233276,"z":0.04716801270842552,"w":-0.5935478806495667},"size":1.7320506572723389,"orthographic":false}