{"cameraMode":{"drawMode":0,"name":"Shaded","section":"Shading Mode"},"sceneLighting":false,"audioPlay":false,"sceneViewState":{"m_AlwaysRefresh":false,"showFog":true,"showSkybox":false,"showFlares":true,"showImageEffects":true,"showParticleSystems":true,"showVisualEffectGraphs":true,"m_FxEnabled":true},"in2DMode":false,"pivot":{"x":-0.874621570110321,"y":2.6827375888824465,"z":-0.2725028991699219},"rotation":{"x":-0.025845296680927278,"y":-0.9610692262649536,"z":0.09633290767669678,"w":-0.25795984268188479},"size":2.348959445953369,"orthographic":false}