{"cameraMode":{"drawMode":0,"name":"Shaded","section":"Shading Mode"},"sceneLighting":false,"audioPlay":false,"sceneViewState":{"m_AlwaysRefresh":false,"showFog":true,"showSkybox":false,"showFlares":true,"showImageEffects":true,"showParticleSystems":true,"showVisualEffectGraphs":true,"m_FxEnabled":true},"in2DMode":false,"pivot":{"x":-0.3284345269203186,"y":1.155286192893982,"z":-0.8617991209030151},"rotation":{"x":-0.024800360202789308,"y":-0.9256319403648377,"z":-0.06176302954554558,"w":0.37269580364227297},"size":1.2247459888458253,"orthographic":false}