{"cameraMode":{"drawMode":0,"name":"Shaded","section":"Shading Mode"},"sceneLighting":false,"audioPlay":false,"sceneViewState":{"m_AlwaysRefresh":false,"showFog":true,"showSkybox":false,"showFlares":true,"showImageEffects":true,"showParticleSystems":true,"showVisualEffectGraphs":true,"m_FxEnabled":true},"in2DMode":false,"pivot":{"x":-0.3284345269203186,"y":1.155286192893982,"z":-0.8617991209030151},"rotation":{"x":0.07550334930419922,"y":-0.8693752288818359,"z":0.14018887281417848,"w":0.4679310619831085},"size":2.1985278129577638,"orthographic":false}