{"cameraMode":{"drawMode":0,"name":"Shaded","section":"Shading Mode"},"sceneLighting":false,"audioPlay":false,"sceneViewState":{"m_AlwaysRefresh":false,"showFog":true,"showSkybox":false,"showFlares":true,"showImageEffects":true,"showParticleSystems":true,"showVisualEffectGraphs":true,"m_FxEnabled":true},"in2DMode":false,"pivot":{"x":-3.9820432662963869,"y":0.44395917654037478,"z":-0.2571260929107666},"rotation":{"x":0.10538099706172943,"y":-0.7595973610877991,"z":0.12715882062911988,"w":0.6291831731796265},"size":5.581445217132568,"orthographic":false}