{"cameraMode":{"drawMode":0,"name":"Shaded","section":"Shading Mode"},"sceneLighting":false,"audioPlay":false,"sceneViewState":{"m_AlwaysRefresh":false,"showFog":true,"showSkybox":false,"showFlares":true,"showImageEffects":true,"showParticleSystems":true,"showVisualEffectGraphs":true,"m_FxEnabled":true},"in2DMode":false,"pivot":{"x":-0.4821324944496155,"y":0.12940967082977296,"z":0.028309166431427003},"rotation":{"x":-0.3917665183544159,"y":0.5887572765350342,"z":0.39200180768966677,"w":0.5884101390838623},"size":3.4352126121520998,"orthographic":false}