{"cameraMode":{"drawMode":0,"name":"Shaded","section":"Shading Mode"},"sceneLighting":true,"audioPlay":false,"sceneViewState":{"m_AlwaysRefresh":false,"showFog":true,"showSkybox":true,"showFlares":true,"showImageEffects":true,"showParticleSystems":true,"showVisualEffectGraphs":true,"m_FxEnabled":true},"in2DMode":false,"pivot":{"x":1.2606096267700196,"y":-0.6571645736694336,"z":-2.234975576400757},"rotation":{"x":-0.04459550604224205,"y":0.7143980860710144,"z":-0.6973526477813721,"w":-0.044294580817222598},"size":11.837376594543457,"orthographic":false}